template_path,template_x,template_y,template_w,template_h,query_path,query_x,query_y,query_w,query_h,BC,DEF,FM,IPR,IV,LR,MB,OCC,OPR,OV,SV
/mnt/hdd1/users/aktgpt/datasets/template_matching/BBS/Basketball/img/0073.jpg,216,241,34,81,/mnt/hdd1/users/aktgpt/datasets/template_matching/BBS/Basketball/img/0173.jpg,279,157,34,81,1,1,0,0,1,0,0,1,1,0,0
/mnt/hdd1/users/aktgpt/datasets/template_matching/BBS/Basketball/img/0391.jpg,152,236,34,81,/mnt/hdd1/users/aktgpt/datasets/template_matching/BBS/Basketball/img/0491.jpg,419,232,34,81,1,1,0,0,1,0,0,1,1,0,0
/mnt/hdd1/users/aktgpt/datasets/template_matching/BBS/Basketball/img/0576.jpg,298,177,34,81,/mnt/hdd1/users/aktgpt/datasets/template_matching/BBS/Basketball/img/0676.jpg,349,220,34,81,1,1,0,0,1,0,0,1,1,0,0
/mnt/hdd1/users/aktgpt/datasets/template_matching/BBS/Biker/img/0032.jpg,222,43,22,37,/mnt/hdd1/users/aktgpt/datasets/template_matching/BBS/Biker/img/0132.jpg,383,79,20,20,0,0,1,0,0,1,1,1,1,1,1
/mnt/hdd1/users/aktgpt/datasets/template_matching/BBS/Biker/img/0027.jpg,227,55,20,33,/mnt/hdd1/users/aktgpt/datasets/template_matching/BBS/Biker/img/0127.jpg,386,74,22,23,0,0,1,0,0,1,1,1,1,1,1
/mnt/hdd1/users/aktgpt/datasets/template_matching/BBS/Biker/img/0011.jpg,250,79,17,28,/mnt/hdd1/users/aktgpt/datasets/template_matching/BBS/Biker/img/0111.jpg,398,61,26,24,0,0,1,0,0,1,1,1,1,1,1
/mnt/hdd1/users/aktgpt/datasets/template_matching/BBS/Bird1/img/0127.jpg,350,181,31,37,/mnt/hdd1/users/aktgpt/datasets/template_matching/BBS/Bird1/img/0227.jpg,349,115,31,37,0,1,1,0,0,0,0,0,0,1,0
/mnt/hdd1/users/aktgpt/datasets/template_matching/BBS/Bird1/img/0152.jpg,339,163,31,37,/mnt/hdd1/users/aktgpt/datasets/template_matching/BBS/Bird1/img/0252.jpg,351,73,31,37,0,1,1,0,0,0,0,0,0,1,0
/mnt/hdd1/users/aktgpt/datasets/template_matching/BBS/Bird1/img/0143.jpg,340,164,31,37,/mnt/hdd1/users/aktgpt/datasets/template_matching/BBS/Bird1/img/0243.jpg,346,106,31,37,0,1,1,0,0,0,0,0,0,1,0
/mnt/hdd1/users/aktgpt/datasets/template_matching/BBS/BlurBody/img/0231.jpg,303,130,96,266,/mnt/hdd1/users/aktgpt/datasets/template_matching/BBS/BlurBody/img/0331.jpg,339,89,109,291,0,1,1,1,0,0,1,0,0,0,1
/mnt/hdd1/users/aktgpt/datasets/template_matching/BBS/BlurBody/img/0213.jpg,331,118,94,248,/mnt/hdd1/users/aktgpt/datasets/template_matching/BBS/BlurBody/img/0313.jpg,241,128,104,292,0,1,1,1,0,0,1,0,0,0,1
/mnt/hdd1/users/aktgpt/datasets/template_matching/BBS/BlurBody/img/0036.jpg,400,100,117,369,/mnt/hdd1/users/aktgpt/datasets/template_matching/BBS/BlurBody/img/0136.jpg,166,142,98,278,0,1,1,1,0,0,1,0,0,0,1
/mnt/hdd1/users/aktgpt/datasets/template_matching/BBS/BlurCar2/img/0153.jpg,198,180,146,111,/mnt/hdd1/users/aktgpt/datasets/template_matching/BBS/BlurCar2/img/0253.jpg,240,217,122,95,0,0,1,0,0,0,1,0,0,0,1
/mnt/hdd1/users/aktgpt/datasets/template_matching/BBS/BlurCar2/img/0133.jpg,245,193,144,116,/mnt/hdd1/users/aktgpt/datasets/template_matching/BBS/BlurCar2/img/0233.jpg,216,227,124,100,0,0,1,0,0,0,1,0,0,0,1
/mnt/hdd1/users/aktgpt/datasets/template_matching/BBS/BlurCar2/img/0342.jpg,160,172,108,92,/mnt/hdd1/users/aktgpt/datasets/template_matching/BBS/BlurCar2/img/0442.jpg,303,204,108,94,0,0,1,0,0,0,1,0,0,0,1
/mnt/hdd1/users/aktgpt/datasets/template_matching/BBS/BlurCar3/img/0185.jpg,187,105,85,75,/mnt/hdd1/users/aktgpt/datasets/template_matching/BBS/BlurCar3/img/0285.jpg,240,188,90,70,0,0,1,0,0,0,1,0,0,0,0
/mnt/hdd1/users/aktgpt/datasets/template_matching/BBS/BlurCar3/img/0208.jpg,248,242,79,67,/mnt/hdd1/users/aktgpt/datasets/template_matching/BBS/BlurCar3/img/0308.jpg,229,203,91,71,0,0,1,0,0,0,1,0,0,0,0
/mnt/hdd1/users/aktgpt/datasets/template_matching/BBS/BlurCar3/img/0224.jpg,228,218,79,70,/mnt/hdd1/users/aktgpt/datasets/template_matching/BBS/BlurCar3/img/0324.jpg,286,181,87,71,0,0,1,0,0,0,1,0,0,0,0
/mnt/hdd1/users/aktgpt/datasets/template_matching/BBS/BlurFace/img/0038.jpg,349,214,89,115,/mnt/hdd1/users/aktgpt/datasets/template_matching/BBS/BlurFace/img/0138.jpg,255,251,100,111,0,0,1,1,0,0,1,0,0,0,0
/mnt/hdd1/users/aktgpt/datasets/template_matching/BBS/BlurFace/img/0198.jpg,322,212,97,123,/mnt/hdd1/users/aktgpt/datasets/template_matching/BBS/BlurFace/img/0298.jpg,389,181,99,127,0,0,1,1,0,0,1,0,0,0,0
/mnt/hdd1/users/aktgpt/datasets/template_matching/BBS/BlurFace/img/0048.jpg,335,213,93,113,/mnt/hdd1/users/aktgpt/datasets/template_matching/BBS/BlurFace/img/0148.jpg,290,289,96,109,0,0,1,1,0,0,1,0,0,0,0
/mnt/hdd1/users/aktgpt/datasets/template_matching/BBS/Bolt/img/0077.jpg,325,150,26,61,/mnt/hdd1/users/aktgpt/datasets/template_matching/BBS/Bolt/img/0177.jpg,466,168,26,61,0,1,0,1,0,0,0,1,1,0,0
/mnt/hdd1/users/aktgpt/datasets/template_matching/BBS/Bolt/img/0249.jpg,534,126,26,61,/mnt/hdd1/users/aktgpt/datasets/template_matching/BBS/Bolt/img/0349.jpg,373,88,26,61,0,1,0,1,0,0,0,1,1,0,0
/mnt/hdd1/users/aktgpt/datasets/template_matching/BBS/Bolt/img/0032.jpg,330,153,26,61,/mnt/hdd1/users/aktgpt/datasets/template_matching/BBS/Bolt/img/0132.jpg,379,162,26,61,0,1,0,1,0,0,0,1,1,0,0
/mnt/hdd1/users/aktgpt/datasets/template_matching/BBS/Bolt2/img/0108.jpg,233,65,34,64,/mnt/hdd1/users/aktgpt/datasets/template_matching/BBS/Bolt2/img/0208.jpg,343,90,34,64,1,1,0,0,0,0,0,0,0,0,0
/mnt/hdd1/users/aktgpt/datasets/template_matching/BBS/Bolt2/img/0137.jpg,308,84,34,64,/mnt/hdd1/users/aktgpt/datasets/template_matching/BBS/Bolt2/img/0237.jpg,349,99,34,64,1,1,0,0,0,0,0,0,0,0,0
/mnt/hdd1/users/aktgpt/datasets/template_matching/BBS/Bolt2/img/0096.jpg,241,73,34,64,/mnt/hdd1/users/aktgpt/datasets/template_matching/BBS/Bolt2/img/0196.jpg,339,81,34,64,1,1,0,0,0,0,0,0,0,0,0
/mnt/hdd1/users/aktgpt/datasets/template_matching/BBS/Boy/img/0387.jpg,276,252,35,47,/mnt/hdd1/users/aktgpt/datasets/template_matching/BBS/Boy/img/0487.jpg,293,168,33,40,0,0,1,1,0,0,1,0,1,0,1
/mnt/hdd1/users/aktgpt/datasets/template_matching/BBS/Boy/img/0378.jpg,167,195,38,43,/mnt/hdd1/users/aktgpt/datasets/template_matching/BBS/Boy/img/0478.jpg,270,183,32,49,0,0,1,1,0,0,1,0,1,0,1
/mnt/hdd1/users/aktgpt/datasets/template_matching/BBS/Boy/img/0060.jpg,289,154,35,44,/mnt/hdd1/users/aktgpt/datasets/template_matching/BBS/Boy/img/0160.jpg,259,160,37,48,0,0,1,1,0,0,1,0,1,0,1
/mnt/hdd1/users/aktgpt/datasets/template_matching/BBS/Car1/img/0518.jpg,103,88,18,16,/mnt/hdd1/users/aktgpt/datasets/template_matching/BBS/Car1/img/0618.jpg,109,88,18,15,1,0,1,0,1,1,1,0,0,0,1
/mnt/hdd1/users/aktgpt/datasets/template_matching/BBS/Car1/img/0247.jpg,21,86,26,21,/mnt/hdd1/users/aktgpt/datasets/template_matching/BBS/Car1/img/0347.jpg,33,90,22,18,1,0,1,0,1,1,1,0,0,0,1
/mnt/hdd1/users/aktgpt/datasets/template_matching/BBS/Car1/img/0309.jpg,31,86,24,19,/mnt/hdd1/users/aktgpt/datasets/template_matching/BBS/Car1/img/0409.jpg,69,90,21,17,1,0,1,0,1,1,1,0,0,0,1
/mnt/hdd1/users/aktgpt/datasets/template_matching/BBS/Car2/img/0704.jpg,187,75,47,40,/mnt/hdd1/users/aktgpt/datasets/template_matching/BBS/Car2/img/0804.jpg,188,73,47,41,1,0,1,0,1,0,1,0,0,0,1
/mnt/hdd1/users/aktgpt/datasets/template_matching/BBS/Car2/img/0462.jpg,90,79,50,41,/mnt/hdd1/users/aktgpt/datasets/template_matching/BBS/Car2/img/0562.jpg,169,83,49,41,1,0,1,0,1,0,1,0,0,0,1
/mnt/hdd1/users/aktgpt/datasets/template_matching/BBS/Car2/img/0029.jpg,74,78,62,51,/mnt/hdd1/users/aktgpt/datasets/template_matching/BBS/Car2/img/0129.jpg,72,77,56,46,1,0,1,0,1,0,1,0,0,0,1
/mnt/hdd1/users/aktgpt/datasets/template_matching/BBS/Car24/img/0368.jpg,164,119,30,27,/mnt/hdd1/users/aktgpt/datasets/template_matching/BBS/Car24/img/0468.jpg,158,121,33,31,1,0,0,0,1,0,0,0,0,0,1
/mnt/hdd1/users/aktgpt/datasets/template_matching/BBS/Car24/img/0432.jpg,167,119,31,29,/mnt/hdd1/users/aktgpt/datasets/template_matching/BBS/Car24/img/0532.jpg,123,117,38,35,1,0,0,0,1,0,0,0,0,0,1
/mnt/hdd1/users/aktgpt/datasets/template_matching/BBS/Car24/img/0380.jpg,165,117,30,27,/mnt/hdd1/users/aktgpt/datasets/template_matching/BBS/Car24/img/0480.jpg,150,120,35,32,1,0,0,0,1,0,0,0,0,0,1
/mnt/hdd1/users/aktgpt/datasets/template_matching/BBS/Car4/img/0309.jpg,198,66,67,51,/mnt/hdd1/users/aktgpt/datasets/template_matching/BBS/Car4/img/0409.jpg,230,68,55,45,0,0,0,0,1,0,0,0,0,0,1
/mnt/hdd1/users/aktgpt/datasets/template_matching/BBS/Car4/img/0345.jpg,220,66,59,48,/mnt/hdd1/users/aktgpt/datasets/template_matching/BBS/Car4/img/0445.jpg,212,67,65,51,0,0,0,0,1,0,0,0,0,0,1
/mnt/hdd1/users/aktgpt/datasets/template_matching/BBS/Car4/img/0074.jpg,67,54,99,78,/mnt/hdd1/users/aktgpt/datasets/template_matching/BBS/Car4/img/0174.jpg,113,66,78,61,0,0,0,0,1,0,0,0,0,0,1
/mnt/hdd1/users/aktgpt/datasets/template_matching/BBS/CarDark/img/0224.jpg,113,123,31,26,/mnt/hdd1/users/aktgpt/datasets/template_matching/BBS/CarDark/img/0324.jpg,149,123,30,23,1,0,0,0,1,0,0,0,0,0,0
/mnt/hdd1/users/aktgpt/datasets/template_matching/BBS/CarDark/img/0104.jpg,103,125,30,24,/mnt/hdd1/users/aktgpt/datasets/template_matching/BBS/CarDark/img/0204.jpg,109,123,29,24,1,0,0,0,1,0,0,0,0,0,0
/mnt/hdd1/users/aktgpt/datasets/template_matching/BBS/CarDark/img/0097.jpg,103,125,30,24,/mnt/hdd1/users/aktgpt/datasets/template_matching/BBS/CarDark/img/0197.jpg,108,124,30,24,1,0,0,0,1,0,0,0,0,0,0
/mnt/hdd1/users/aktgpt/datasets/template_matching/BBS/CarScale/img/0015.jpg,24,170,46,22,/mnt/hdd1/users/aktgpt/datasets/template_matching/BBS/CarScale/img/0115.jpg,85,175,64,34,0,0,1,1,0,0,0,1,1,0,1
/mnt/hdd1/users/aktgpt/datasets/template_matching/BBS/CarScale/img/0114.jpg,86,174,62,31,/mnt/hdd1/users/aktgpt/datasets/template_matching/BBS/CarScale/img/0214.jpg,60,123,266,97,0,0,1,1,0,0,0,1,1,0,1
/mnt/hdd1/users/aktgpt/datasets/template_matching/BBS/CarScale/img/0122.jpg,87,174,66,36,/mnt/hdd1/users/aktgpt/datasets/template_matching/BBS/CarScale/img/0222.jpg,92,113,289,113,0,0,1,1,0,0,0,1,1,0,1
/mnt/hdd1/users/aktgpt/datasets/template_matching/BBS/ClifBar/img/0371.jpg,133,128,31,59,/mnt/hdd1/users/aktgpt/datasets/template_matching/BBS/ClifBar/img/0471.jpg,152,136,48,75,1,0,1,1,0,0,1,1,0,1,1
/mnt/hdd1/users/aktgpt/datasets/template_matching/BBS/ClifBar/img/0317.jpg,141,143,32,67,/mnt/hdd1/users/aktgpt/datasets/template_matching/BBS/ClifBar/img/0417.jpg,130,117,40,71,1,0,1,1,0,0,1,1,0,1,1
/mnt/hdd1/users/aktgpt/datasets/template_matching/BBS/ClifBar/img/0099.jpg,118,122,40,62,/mnt/hdd1/users/aktgpt/datasets/template_matching/BBS/ClifBar/img/0199.jpg,182,130,42,68,1,0,1,1,0,0,1,1,0,1,1
/mnt/hdd1/users/aktgpt/datasets/template_matching/BBS/Coke/img/0134.jpg,272,144,48,80,/mnt/hdd1/users/aktgpt/datasets/template_matching/BBS/Coke/img/0234.jpg,286,180,48,80,1,0,1,1,1,0,0,1,1,0,0
/mnt/hdd1/users/aktgpt/datasets/template_matching/BBS/Coke/img/0116.jpg,266,182,48,80,/mnt/hdd1/users/aktgpt/datasets/template_matching/BBS/Coke/img/0216.jpg,240,204,48,80,1,0,1,1,1,0,0,1,1,0,0
/mnt/hdd1/users/aktgpt/datasets/template_matching/BBS/Coke/img/0093.jpg,252,180,48,80,/mnt/hdd1/users/aktgpt/datasets/template_matching/BBS/Coke/img/0193.jpg,357,229,48,80,1,0,1,1,1,0,0,1,1,0,0
/mnt/hdd1/users/aktgpt/datasets/template_matching/BBS/Couple/img/0037.jpg,113,17,27,78,/mnt/hdd1/users/aktgpt/datasets/template_matching/BBS/Couple/img/0137.jpg,137,15,36,88,1,1,1,0,0,0,0,0,1,0,1
/mnt/hdd1/users/aktgpt/datasets/template_matching/BBS/Couple/img/0036.jpg,119,23,27,73,/mnt/hdd1/users/aktgpt/datasets/template_matching/BBS/Couple/img/0136.jpg,121,26,37,88,1,1,1,0,0,0,0,0,1,0,1
/mnt/hdd1/users/aktgpt/datasets/template_matching/BBS/Couple/img/0015.jpg,64,28,26,69,/mnt/hdd1/users/aktgpt/datasets/template_matching/BBS/Couple/img/0115.jpg,127,37,31,87,1,1,1,0,0,0,0,0,1,0,1
/mnt/hdd1/users/aktgpt/datasets/template_matching/BBS/Coupon/img/0030.jpg,144,63,57,89,/mnt/hdd1/users/aktgpt/datasets/template_matching/BBS/Coupon/img/0130.jpg,119,66,57,89,1,0,0,0,0,0,0,1,0,0,0
/mnt/hdd1/users/aktgpt/datasets/template_matching/BBS/Coupon/img/0079.jpg,144,63,57,89,/mnt/hdd1/users/aktgpt/datasets/template_matching/BBS/Coupon/img/0179.jpg,99,66,57,89,1,0,0,0,0,0,0,1,0,0,0
/mnt/hdd1/users/aktgpt/datasets/template_matching/BBS/Coupon/img/0194.jpg,69,72,57,89,/mnt/hdd1/users/aktgpt/datasets/template_matching/BBS/Coupon/img/0294.jpg,96,76,57,89,1,0,0,0,0,0,0,1,0,0,0
/mnt/hdd1/users/aktgpt/datasets/template_matching/BBS/Crossing/img/0017.jpg,183,143,20,50,/mnt/hdd1/users/aktgpt/datasets/template_matching/BBS/Crossing/img/0117.jpg,60,95,14,33,1,1,1,0,0,0,0,0,1,0,1
/mnt/hdd1/users/aktgpt/datasets/template_matching/BBS/Crossing/img/0016.jpg,183,143,18,50,/mnt/hdd1/users/aktgpt/datasets/template_matching/BBS/Crossing/img/0116.jpg,61,96,13,32,1,1,1,0,0,0,0,0,1,0,1
/mnt/hdd1/users/aktgpt/datasets/template_matching/BBS/Crossing/img/0013.jpg,188,145,17,48,/mnt/hdd1/users/aktgpt/datasets/template_matching/BBS/Crossing/img/0113.jpg,65,98,15,34,1,1,1,0,0,0,0,0,1,0,1
/mnt/hdd1/users/aktgpt/datasets/template_matching/BBS/Crowds/img/0188.jpg,38,319,22,51,/mnt/hdd1/users/aktgpt/datasets/template_matching/BBS/Crowds/img/0288.jpg,32,320,22,51,1,1,0,0,1,0,0,0,0,0,0
/mnt/hdd1/users/aktgpt/datasets/template_matching/BBS/Crowds/img/0227.jpg,36,316,22,51,/mnt/hdd1/users/aktgpt/datasets/template_matching/BBS/Crowds/img/0327.jpg,14,315,22,51,1,1,0,0,1,0,0,0,0,0,0
/mnt/hdd1/users/aktgpt/datasets/template_matching/BBS/Crowds/img/0238.jpg,36,316,22,51,/mnt/hdd1/users/aktgpt/datasets/template_matching/BBS/Crowds/img/0338.jpg,12,315,22,51,1,1,0,0,1,0,0,0,0,0,0
/mnt/hdd1/users/aktgpt/datasets/template_matching/BBS/Dancer/img/0004.jpg,174,79,45,98,/mnt/hdd1/users/aktgpt/datasets/template_matching/BBS/Dancer/img/0104.jpg,164,57,63,107,0,1,0,1,0,0,0,0,1,0,1
/mnt/hdd1/users/aktgpt/datasets/template_matching/BBS/Dancer/img/0106.jpg,158,51,65,112,/mnt/hdd1/users/aktgpt/datasets/template_matching/BBS/Dancer/img/0206.jpg,137,48,64,126,0,1,0,1,0,0,0,0,1,0,1
/mnt/hdd1/users/aktgpt/datasets/template_matching/BBS/Dancer/img/0115.jpg,136,41,59,120,/mnt/hdd1/users/aktgpt/datasets/template_matching/BBS/Dancer/img/0215.jpg,146,29,69,116,0,1,0,1,0,0,0,0,1,0,1
/mnt/hdd1/users/aktgpt/datasets/template_matching/BBS/Dancer2/img/0041.jpg,144,49,47,156,/mnt/hdd1/users/aktgpt/datasets/template_matching/BBS/Dancer2/img/0141.jpg,167,66,40,150,0,1,0,0,0,0,0,0,0,0,0
/mnt/hdd1/users/aktgpt/datasets/template_matching/BBS/Dancer2/img/0044.jpg,148,50,53,155,/mnt/hdd1/users/aktgpt/datasets/template_matching/BBS/Dancer2/img/0144.jpg,167,66,41,144,0,1,0,0,0,0,0,0,0,0,0
/mnt/hdd1/users/aktgpt/datasets/template_matching/BBS/Dancer2/img/0029.jpg,120,71,45,138,/mnt/hdd1/users/aktgpt/datasets/template_matching/BBS/Dancer2/img/0129.jpg,153,87,52,122,0,1,0,0,0,0,0,0,0,0,0
/mnt/hdd1/users/aktgpt/datasets/template_matching/BBS/David/img/0189.jpg,143,73,36,44,/mnt/hdd1/users/aktgpt/datasets/template_matching/BBS/David/img/0289.jpg,134,66,44,60,0,1,0,1,1,0,1,1,1,0,1
/mnt/hdd1/users/aktgpt/datasets/template_matching/BBS/David/img/0332.jpg,163,77,47,59,/mnt/hdd1/users/aktgpt/datasets/template_matching/BBS/David/img/0432.jpg,160,85,47,54,0,1,0,1,1,0,1,1,1,0,1
/mnt/hdd1/users/aktgpt/datasets/template_matching/BBS/David/img/0208.jpg,156,58,45,58,/mnt/hdd1/users/aktgpt/datasets/template_matching/BBS/David/img/0308.jpg,154,60,45,59,0,1,0,1,1,0,1,1,1,0,1
/mnt/hdd1/users/aktgpt/datasets/template_matching/BBS/David2/img/0331.jpg,47,99,29,33,/mnt/hdd1/users/aktgpt/datasets/template_matching/BBS/David2/img/0431.jpg,175,99,30,35,0,0,0,1,0,0,0,0,1,0,0
/mnt/hdd1/users/aktgpt/datasets/template_matching/BBS/David2/img/0069.jpg,141,71,30,37,/mnt/hdd1/users/aktgpt/datasets/template_matching/BBS/David2/img/0169.jpg,157,94,25,30,0,0,0,1,0,0,0,0,1,0,0
/mnt/hdd1/users/aktgpt/datasets/template_matching/BBS/David2/img/0426.jpg,181,100,30,35,/mnt/hdd1/users/aktgpt/datasets/template_matching/BBS/David2/img/0526.jpg,204,78,28,32,0,0,0,1,0,0,0,0,1,0,0
/mnt/hdd1/users/aktgpt/datasets/template_matching/BBS/David3/img/0112.jpg,369,205,40,149,/mnt/hdd1/users/aktgpt/datasets/template_matching/BBS/David3/img/0212.jpg,364,198,31,147,1,1,0,0,0,0,0,1,1,0,0
/mnt/hdd1/users/aktgpt/datasets/template_matching/BBS/David3/img/0049.jpg,249,187,37,140,/mnt/hdd1/users/aktgpt/datasets/template_matching/BBS/David3/img/0149.jpg,524,209,31,141,1,1,0,0,0,0,0,1,1,0,0
/mnt/hdd1/users/aktgpt/datasets/template_matching/BBS/David3/img/0107.jpg,367,197,40,149,/mnt/hdd1/users/aktgpt/datasets/template_matching/BBS/David3/img/0207.jpg,369,191,31,147,1,1,0,0,0,0,0,1,1,0,0
/mnt/hdd1/users/aktgpt/datasets/template_matching/BBS/Diving/img/0085.jpg,164,78,73,81,/mnt/hdd1/users/aktgpt/datasets/template_matching/BBS/Diving/img/0185.jpg,155,101,59,51,0,1,0,1,0,0,0,0,0,0,1
/mnt/hdd1/users/aktgpt/datasets/template_matching/BBS/Diving/img/0032.jpg,169,70,23,118,/mnt/hdd1/users/aktgpt/datasets/template_matching/BBS/Diving/img/0132.jpg,143,61,70,49,0,1,0,1,0,0,0,0,0,0,1
/mnt/hdd1/users/aktgpt/datasets/template_matching/BBS/Diving/img/0039.jpg,164,75,27,109,/mnt/hdd1/users/aktgpt/datasets/template_matching/BBS/Diving/img/0139.jpg,151,34,59,73,0,1,0,1,0,0,0,0,0,0,1
/mnt/hdd1/users/aktgpt/datasets/template_matching/BBS/Dog/img/0005.jpg,73,91,49,35,/mnt/hdd1/users/aktgpt/datasets/template_matching/BBS/Dog/img/0105.jpg,211,102,24,29,0,1,0,0,0,0,0,0,1,0,1
/mnt/hdd1/users/aktgpt/datasets/template_matching/BBS/Dog/img/0024.jpg,58,97,46,33,/mnt/hdd1/users/aktgpt/datasets/template_matching/BBS/Dog/img/0124.jpg,262,111,24,27,0,1,0,0,0,0,0,0,1,0,1
/mnt/hdd1/users/aktgpt/datasets/template_matching/BBS/Dog/img/0009.jpg,74,96,42,31,/mnt/hdd1/users/aktgpt/datasets/template_matching/BBS/Dog/img/0109.jpg,219,105,27,26,0,1,0,0,0,0,0,0,1,0,1
/mnt/hdd1/users/aktgpt/datasets/template_matching/BBS/Dog1/img/0486.jpg,189,98,60,43,/mnt/hdd1/users/aktgpt/datasets/template_matching/BBS/Dog1/img/0586.jpg,164,122,59,47,0,0,0,1,0,0,0,0,1,0,1
/mnt/hdd1/users/aktgpt/datasets/template_matching/BBS/Dog1/img/1225.jpg,163,94,56,45,/mnt/hdd1/users/aktgpt/datasets/template_matching/BBS/Dog1/img/1325.jpg,213,125,34,31,0,0,0,1,0,0,0,0,1,0,1
/mnt/hdd1/users/aktgpt/datasets/template_matching/BBS/Dog1/img/0278.jpg,175,93,50,42,/mnt/hdd1/users/aktgpt/datasets/template_matching/BBS/Dog1/img/0378.jpg,182,94,61,42,0,0,0,1,0,0,0,0,1,0,1
/mnt/hdd1/users/aktgpt/datasets/template_matching/BBS/Doll/img/1644.jpg,165,207,45,86,/mnt/hdd1/users/aktgpt/datasets/template_matching/BBS/Doll/img/1744.jpg,132,108,44,84,0,0,0,1,1,0,0,1,1,0,1
/mnt/hdd1/users/aktgpt/datasets/template_matching/BBS/Doll/img/2963.jpg,140,191,56,108,/mnt/hdd1/users/aktgpt/datasets/template_matching/BBS/Doll/img/3063.jpg,159,130,52,97,0,0,0,1,1,0,0,1,1,0,1
/mnt/hdd1/users/aktgpt/datasets/template_matching/BBS/Doll/img/1887.jpg,64,107,48,96,/mnt/hdd1/users/aktgpt/datasets/template_matching/BBS/Doll/img/1987.jpg,101,132,58,114,0,0,0,1,1,0,0,1,1,0,1
/mnt/hdd1/users/aktgpt/datasets/template_matching/BBS/DragonBaby/img/0001.jpg,160,83,56,65,/mnt/hdd1/users/aktgpt/datasets/template_matching/BBS/DragonBaby/img/0101.jpg,171,57,59,65,0,0,1,1,0,0,1,1,1,1,1
/mnt/hdd1/users/aktgpt/datasets/template_matching/BBS/DragonBaby/img/0004.jpg,175,75,55,65,/mnt/hdd1/users/aktgpt/datasets/template_matching/BBS/DragonBaby/img/0104.jpg,170,74,59,63,0,0,1,1,0,0,1,1,1,1,1
/mnt/hdd1/users/aktgpt/datasets/template_matching/BBS/DragonBaby/img/0008.jpg,162,37,65,58,/mnt/hdd1/users/aktgpt/datasets/template_matching/BBS/DragonBaby/img/0108.jpg,157,89,52,71,0,0,1,1,0,0,1,1,1,1,1
/mnt/hdd1/users/aktgpt/datasets/template_matching/BBS/Dudek/img/0511.jpg,253,114,144,186,/mnt/hdd1/users/aktgpt/datasets/template_matching/BBS/Dudek/img/0611.jpg,170,53,143,183,1,1,1,1,0,0,0,1,1,1,1
/mnt/hdd1/users/aktgpt/datasets/template_matching/BBS/Dudek/img/0345.jpg,140,84,157,204,/mnt/hdd1/users/aktgpt/datasets/template_matching/BBS/Dudek/img/0445.jpg,185,95,144,194,1,1,1,1,0,0,0,1,1,1,1
/mnt/hdd1/users/aktgpt/datasets/template_matching/BBS/Dudek/img/0587.jpg,207,17,154,195,/mnt/hdd1/users/aktgpt/datasets/template_matching/BBS/Dudek/img/0687.jpg,225,69,167,202,1,1,1,1,0,0,0,1,1,1,1
/mnt/hdd1/users/aktgpt/datasets/template_matching/BBS/FaceOcc1/img/0662.jpg,103,107,109,147,/mnt/hdd1/users/aktgpt/datasets/template_matching/BBS/FaceOcc1/img/0762.jpg,83,88,126,146,0,0,0,0,0,0,0,1,0,0,0
/mnt/hdd1/users/aktgpt/datasets/template_matching/BBS/FaceOcc1/img/0654.jpg,105,107,107,127,/mnt/hdd1/users/aktgpt/datasets/template_matching/BBS/FaceOcc1/img/0754.jpg,86,83,117,154,0,0,0,0,0,0,0,1,0,0,0
/mnt/hdd1/users/aktgpt/datasets/template_matching/BBS/FaceOcc1/img/0137.jpg,111,74,109,163,/mnt/hdd1/users/aktgpt/datasets/template_matching/BBS/FaceOcc1/img/0237.jpg,104,74,118,146,0,0,0,0,0,0,0,1,0,0,0
/mnt/hdd1/users/aktgpt/datasets/template_matching/BBS/FaceOcc2/img/0307.jpg,117,54,74,94,/mnt/hdd1/users/aktgpt/datasets/template_matching/BBS/FaceOcc2/img/0407.jpg,68,76,79,76,0,0,0,1,1,0,0,1,1,0,0
/mnt/hdd1/users/aktgpt/datasets/template_matching/BBS/FaceOcc2/img/0010.jpg,120,57,82,98,/mnt/hdd1/users/aktgpt/datasets/template_matching/BBS/FaceOcc2/img/0110.jpg,122,55,78,93,0,0,0,1,1,0,0,1,1,0,0
/mnt/hdd1/users/aktgpt/datasets/template_matching/BBS/FaceOcc2/img/0225.jpg,134,60,75,92,/mnt/hdd1/users/aktgpt/datasets/template_matching/BBS/FaceOcc2/img/0325.jpg,93,64,75,88,0,0,0,1,1,0,0,1,1,0,0
/mnt/hdd1/users/aktgpt/datasets/template_matching/BBS/Fish/img/0089.jpg,119,99,62,91,/mnt/hdd1/users/aktgpt/datasets/template_matching/BBS/Fish/img/0189.jpg,135,71,62,86,0,0,0,0,1,0,0,0,0,0,0
/mnt/hdd1/users/aktgpt/datasets/template_matching/BBS/Fish/img/0005.jpg,134,55,60,88,/mnt/hdd1/users/aktgpt/datasets/template_matching/BBS/Fish/img/0105.jpg,155,78,62,91,0,0,0,0,1,0,0,0,0,0,0
/mnt/hdd1/users/aktgpt/datasets/template_matching/BBS/Fish/img/0064.jpg,95,72,62,91,/mnt/hdd1/users/aktgpt/datasets/template_matching/BBS/Fish/img/0164.jpg,87,72,63,88,0,0,0,0,1,0,0,0,0,0,0
/mnt/hdd1/users/aktgpt/datasets/template_matching/BBS/FleetFace/img/0596.jpg,162,194,157,152,/mnt/hdd1/users/aktgpt/datasets/template_matching/BBS/FleetFace/img/0696.jpg,261,144,150,194,0,1,1,1,0,0,1,0,1,0,1
/mnt/hdd1/users/aktgpt/datasets/template_matching/BBS/FleetFace/img/0293.jpg,233,142,135,164,/mnt/hdd1/users/aktgpt/datasets/template_matching/BBS/FleetFace/img/0393.jpg,215,155,103,136,0,1,1,1,0,0,1,0,1,0,1
/mnt/hdd1/users/aktgpt/datasets/template_matching/BBS/FleetFace/img/0322.jpg,273,160,168,224,/mnt/hdd1/users/aktgpt/datasets/template_matching/BBS/FleetFace/img/0422.jpg,400,145,103,132,0,1,1,1,0,0,1,0,1,0,1
/mnt/hdd1/users/aktgpt/datasets/template_matching/BBS/Football/img/0011.jpg,297,92,37,47,/mnt/hdd1/users/aktgpt/datasets/template_matching/BBS/Football/img/0111.jpg,314,39,34,44,1,0,0,1,0,0,0,1,1,0,0
/mnt/hdd1/users/aktgpt/datasets/template_matching/BBS/Football/img/0212.jpg,331,69,36,46,/mnt/hdd1/users/aktgpt/datasets/template_matching/BBS/Football/img/0312.jpg,281,36,37,48,1,0,0,1,0,0,0,1,1,0,0
/mnt/hdd1/users/aktgpt/datasets/template_matching/BBS/Football/img/0027.jpg,283,84,36,50,/mnt/hdd1/users/aktgpt/datasets/template_matching/BBS/Football/img/0127.jpg,329,48,35,47,1,0,0,1,0,0,0,1,1,0,0
/mnt/hdd1/users/aktgpt/datasets/template_matching/BBS/Freeman1/img/0059.jpg,189,54,30,36,/mnt/hdd1/users/aktgpt/datasets/template_matching/BBS/Freeman1/img/0159.jpg,71,56,39,52,0,0,0,1,0,0,0,0,1,0,1
/mnt/hdd1/users/aktgpt/datasets/template_matching/BBS/Freeman1/img/0133.jpg,111,66,39,54,/mnt/hdd1/users/aktgpt/datasets/template_matching/BBS/Freeman1/img/0233.jpg,197,61,41,55,0,0,0,1,0,0,0,0,1,0,1
/mnt/hdd1/users/aktgpt/datasets/template_matching/BBS/Freeman1/img/0094.jpg,119,50,39,54,/mnt/hdd1/users/aktgpt/datasets/template_matching/BBS/Freeman1/img/0194.jpg,181,40,41,55,0,0,0,1,0,0,0,0,1,0,1
/mnt/hdd1/users/aktgpt/datasets/template_matching/BBS/Freeman3/img/0064.jpg,186,63,12,13,/mnt/hdd1/users/aktgpt/datasets/template_matching/BBS/Freeman3/img/0164.jpg,121,56,16,21,0,0,0,1,0,0,0,0,1,0,1
/mnt/hdd1/users/aktgpt/datasets/template_matching/BBS/Freeman3/img/0110.jpg,154,60,12,17,/mnt/hdd1/users/aktgpt/datasets/template_matching/BBS/Freeman3/img/0210.jpg,72,46,20,27,0,0,0,1,0,0,0,0,1,0,1
/mnt/hdd1/users/aktgpt/datasets/template_matching/BBS/Freeman3/img/0304.jpg,241,44,30,34,/mnt/hdd1/users/aktgpt/datasets/template_matching/BBS/Freeman3/img/0404.jpg,222,14,45,63,0,0,0,1,0,0,0,0,1,0,1
/mnt/hdd1/users/aktgpt/datasets/template_matching/BBS/Freeman4/img/0161.jpg,91,66,22,25,/mnt/hdd1/users/aktgpt/datasets/template_matching/BBS/Freeman4/img/0261.jpg,64,52,30,38,0,0,0,1,0,0,0,1,1,0,1
/mnt/hdd1/users/aktgpt/datasets/template_matching/BBS/Freeman4/img/0083.jpg,190,71,17,19,/mnt/hdd1/users/aktgpt/datasets/template_matching/BBS/Freeman4/img/0183.jpg,138,82,22,27,0,0,0,1,0,0,0,1,1,0,1
/mnt/hdd1/users/aktgpt/datasets/template_matching/BBS/Freeman4/img/0024.jpg,160,77,12,15,/mnt/hdd1/users/aktgpt/datasets/template_matching/BBS/Freeman4/img/0124.jpg,130,107,17,21,0,0,0,1,0,0,0,1,1,0,1
/mnt/hdd1/users/aktgpt/datasets/template_matching/BBS/Girl/img/0031.jpg,18,24,31,39,/mnt/hdd1/users/aktgpt/datasets/template_matching/BBS/Girl/img/0131.jpg,50,27,30,43,0,0,0,1,0,0,0,1,1,0,1
/mnt/hdd1/users/aktgpt/datasets/template_matching/BBS/Girl/img/0038.jpg,24,27,31,40,/mnt/hdd1/users/aktgpt/datasets/template_matching/BBS/Girl/img/0138.jpg,60,37,31,41,0,0,0,1,0,0,0,1,1,0,1
/mnt/hdd1/users/aktgpt/datasets/template_matching/BBS/Girl/img/0361.jpg,37,17,34,48,/mnt/hdd1/users/aktgpt/datasets/template_matching/BBS/Girl/img/0461.jpg,48,22,37,47,0,0,0,1,0,0,0,1,1,0,1
/mnt/hdd1/users/aktgpt/datasets/template_matching/BBS/Girl2/img/1183.jpg,429,102,49,174,/mnt/hdd1/users/aktgpt/datasets/template_matching/BBS/Girl2/img/1283.jpg,411,125,40,177,0,1,0,0,0,0,1,1,1,0,1
/mnt/hdd1/users/aktgpt/datasets/template_matching/BBS/Girl2/img/0722.jpg,358,33,49,150,/mnt/hdd1/users/aktgpt/datasets/template_matching/BBS/Girl2/img/0822.jpg,291,42,35,127,0,1,0,0,0,0,1,1,1,0,1
/mnt/hdd1/users/aktgpt/datasets/template_matching/BBS/Girl2/img/1213.jpg,424,133,45,174,/mnt/hdd1/users/aktgpt/datasets/template_matching/BBS/Girl2/img/1313.jpg,367,117,46,170,0,1,0,0,0,0,1,1,1,0,1
/mnt/hdd1/users/aktgpt/datasets/template_matching/BBS/Gym/img/0295.jpg,193,83,36,114,/mnt/hdd1/users/aktgpt/datasets/template_matching/BBS/Gym/img/0395.jpg,162,91,45,116,0,1,0,1,0,0,0,0,1,0,1
/mnt/hdd1/users/aktgpt/datasets/template_matching/BBS/Gym/img/0658.jpg,188,85,67,112,/mnt/hdd1/users/aktgpt/datasets/template_matching/BBS/Gym/img/0758.jpg,210,57,35,152,0,1,0,1,0,0,0,0,1,0,1
/mnt/hdd1/users/aktgpt/datasets/template_matching/BBS/Gym/img/0189.jpg,221,80,40,127,/mnt/hdd1/users/aktgpt/datasets/template_matching/BBS/Gym/img/0289.jpg,194,79,35,128,0,1,0,1,0,0,0,0,1,0,1
/mnt/hdd1/users/aktgpt/datasets/template_matching/BBS/Human2/img/0369.jpg,359,221,85,232,/mnt/hdd1/users/aktgpt/datasets/template_matching/BBS/Human2/img/0469.jpg,149,214,82,261,0,0,0,0,1,0,1,0,1,0,1
/mnt/hdd1/users/aktgpt/datasets/template_matching/BBS/Human2/img/0673.jpg,104,230,57,205,/mnt/hdd1/users/aktgpt/datasets/template_matching/BBS/Human2/img/0773.jpg,176,219,96,337,0,0,0,0,1,0,1,0,1,0,1
/mnt/hdd1/users/aktgpt/datasets/template_matching/BBS/Human2/img/0994.jpg,169,238,96,318,/mnt/hdd1/users/aktgpt/datasets/template_matching/BBS/Human2/img/1094.jpg,69,254,116,288,0,0,0,0,1,0,1,0,1,0,1
/mnt/hdd1/users/aktgpt/datasets/template_matching/BBS/Human4/img/0170.jpg,273,232,27,72,/mnt/hdd1/users/aktgpt/datasets/template_matching/BBS/Human4/img/0270.jpg,326,225,27,66,0,1,0,0,1,0,0,1,0,0,1
/mnt/hdd1/users/aktgpt/datasets/template_matching/BBS/Human4/img/0269.jpg,325,225,27,66,/mnt/hdd1/users/aktgpt/datasets/template_matching/BBS/Human4/img/0369.jpg,384,217,27,60,0,1,0,0,1,0,0,1,0,0,1
/mnt/hdd1/users/aktgpt/datasets/template_matching/BBS/Human4/img/0324.jpg,342,215,27,66,/mnt/hdd1/users/aktgpt/datasets/template_matching/BBS/Human4/img/0424.jpg,416,198,21,52,0,1,0,0,1,0,0,1,0,0,1
/mnt/hdd1/users/aktgpt/datasets/template_matching/BBS/Human6/img/0681.jpg,329,288,47,158,/mnt/hdd1/users/aktgpt/datasets/template_matching/BBS/Human6/img/0781.jpg,167,298,47,140,0,1,1,0,0,0,0,1,1,1,1
/mnt/hdd1/users/aktgpt/datasets/template_matching/BBS/Human6/img/0139.jpg,261,347,18,55,/mnt/hdd1/users/aktgpt/datasets/template_matching/BBS/Human6/img/0239.jpg,231,362,53,170,0,1,1,0,0,0,0,1,1,1,1
/mnt/hdd1/users/aktgpt/datasets/template_matching/BBS/Human6/img/0053.jpg,292,376,18,55,/mnt/hdd1/users/aktgpt/datasets/template_matching/BBS/Human6/img/0153.jpg,251,356,18,55,0,1,1,0,0,0,0,1,1,1,1
/mnt/hdd1/users/aktgpt/datasets/template_matching/BBS/Human7/img/0108.jpg,113,112,26,76,/mnt/hdd1/users/aktgpt/datasets/template_matching/BBS/Human7/img/0208.jpg,102,111,24,70,0,1,1,0,1,0,1,1,0,0,1
/mnt/hdd1/users/aktgpt/datasets/template_matching/BBS/Human7/img/0103.jpg,120,125,27,80,/mnt/hdd1/users/aktgpt/datasets/template_matching/BBS/Human7/img/0203.jpg,156,69,24,70,0,1,1,0,1,0,1,1,0,0,1
/mnt/hdd1/users/aktgpt/datasets/template_matching/BBS/Human7/img/0126.jpg,182,132,26,75,/mnt/hdd1/users/aktgpt/datasets/template_matching/BBS/Human7/img/0226.jpg,64,86,22,67,0,1,1,0,1,0,1,1,0,0,1
/mnt/hdd1/users/aktgpt/datasets/template_matching/BBS/Human8/img/0024.jpg,137,102,28,78,/mnt/hdd1/users/aktgpt/datasets/template_matching/BBS/Human8/img/0124.jpg,208,103,17,46,0,1,0,0,1,0,0,0,0,0,1
/mnt/hdd1/users/aktgpt/datasets/template_matching/BBS/Human8/img/0005.jpg,114,99,30,89,/mnt/hdd1/users/aktgpt/datasets/template_matching/BBS/Human8/img/0105.jpg,205,106,17,51,0,1,0,0,1,0,0,0,0,0,1
/mnt/hdd1/users/aktgpt/datasets/template_matching/BBS/Human8/img/0012.jpg,125,104,28,86,/mnt/hdd1/users/aktgpt/datasets/template_matching/BBS/Human8/img/0112.jpg,209,106,17,51,0,1,0,0,1,0,0,0,0,0,1
/mnt/hdd1/users/aktgpt/datasets/template_matching/BBS/Human9/img/0134.jpg,87,130,21,66,/mnt/hdd1/users/aktgpt/datasets/template_matching/BBS/Human9/img/0234.jpg,115,112,17,53,0,1,1,0,1,0,1,0,0,0,1
/mnt/hdd1/users/aktgpt/datasets/template_matching/BBS/Human9/img/0058.jpg,119,112,26,82,/mnt/hdd1/users/aktgpt/datasets/template_matching/BBS/Human9/img/0158.jpg,113,123,19,61,0,1,1,0,1,0,1,0,0,0,1
/mnt/hdd1/users/aktgpt/datasets/template_matching/BBS/Human9/img/0052.jpg,98,85,27,86,/mnt/hdd1/users/aktgpt/datasets/template_matching/BBS/Human9/img/0152.jpg,122,113,19,61,0,1,1,0,1,0,1,0,0,0,1
/mnt/hdd1/users/aktgpt/datasets/template_matching/BBS/Ironman/img/0065.jpg,336,15,43,52,/mnt/hdd1/users/aktgpt/datasets/template_matching/BBS/Ironman/img/0165.jpg,275,1,68,82,1,0,1,1,1,1,1,1,1,1,1
/mnt/hdd1/users/aktgpt/datasets/template_matching/BBS/Ironman/img/0031.jpg,170,26,48,53,/mnt/hdd1/users/aktgpt/datasets/template_matching/BBS/Ironman/img/0131.jpg,194,28,50,68,1,0,1,1,1,1,1,1,1,1,1
/mnt/hdd1/users/aktgpt/datasets/template_matching/BBS/Ironman/img/0022.jpg,204,64,45,44,/mnt/hdd1/users/aktgpt/datasets/template_matching/BBS/Ironman/img/0122.jpg,263,79,46,57,1,0,1,1,1,1,1,1,1,1,1
/mnt/hdd1/users/aktgpt/datasets/template_matching/BBS/Jogging1/img/0141.jpg,127,114,23,114,/mnt/hdd1/users/aktgpt/datasets/template_matching/BBS/Jogging1/img/0241.jpg,112,96,27,120,0,1,0,0,0,0,0,1,1,0,0
/mnt/hdd1/users/aktgpt/datasets/template_matching/BBS/Jogging1/img/0010.jpg,104,115,21,94,/mnt/hdd1/users/aktgpt/datasets/template_matching/BBS/Jogging1/img/0110.jpg,118,76,25,108,0,1,0,0,0,0,0,1,1,0,0
/mnt/hdd1/users/aktgpt/datasets/template_matching/BBS/Jogging1/img/0028.jpg,107,107,22,100,/mnt/hdd1/users/aktgpt/datasets/template_matching/BBS/Jogging1/img/0128.jpg,117,96,26,110,0,1,0,0,0,0,0,1,1,0,0
/mnt/hdd1/users/aktgpt/datasets/template_matching/BBS/Jogging2/img/0189.jpg,169,77,33,131,/mnt/hdd1/users/aktgpt/datasets/template_matching/BBS/Jogging2/img/0289.jpg,161,99,36,144,0,1,0,0,0,0,0,1,1,0,0
/mnt/hdd1/users/aktgpt/datasets/template_matching/BBS/Jogging2/img/0055.jpg,148,85,28,114,/mnt/hdd1/users/aktgpt/datasets/template_matching/BBS/Jogging2/img/0155.jpg,185,80,35,125,0,1,0,0,0,0,0,1,1,0,0
/mnt/hdd1/users/aktgpt/datasets/template_matching/BBS/Jogging2/img/0184.jpg,183,86,33,133,/mnt/hdd1/users/aktgpt/datasets/template_matching/BBS/Jogging2/img/0284.jpg,160,97,37,141,0,1,0,0,0,0,0,1,1,0,0
/mnt/hdd1/users/aktgpt/datasets/template_matching/BBS/Jump/img/0014.jpg,122,53,61,81,/mnt/hdd1/users/aktgpt/datasets/template_matching/BBS/Jump/img/0114.jpg,230,79,44,82,0,1,1,1,0,0,1,1,1,0,1
/mnt/hdd1/users/aktgpt/datasets/template_matching/BBS/Jump/img/0007.jpg,112,46,56,148,/mnt/hdd1/users/aktgpt/datasets/template_matching/BBS/Jump/img/0107.jpg,230,84,44,76,0,1,1,1,0,0,1,1,1,0,1
/mnt/hdd1/users/aktgpt/datasets/template_matching/BBS/Jump/img/0009.jpg,112,46,56,136,/mnt/hdd1/users/aktgpt/datasets/template_matching/BBS/Jump/img/0109.jpg,230,84,44,76,0,1,1,1,0,0,1,1,1,0,1
/mnt/hdd1/users/aktgpt/datasets/template_matching/BBS/Jumping/img/0017.jpg,152,74,34,33,/mnt/hdd1/users/aktgpt/datasets/template_matching/BBS/Jumping/img/0117.jpg,121,123,38,36,0,0,1,0,0,0,1,0,0,0,0
/mnt/hdd1/users/aktgpt/datasets/template_matching/BBS/Jumping/img/0190.jpg,147,97,39,37,/mnt/hdd1/users/aktgpt/datasets/template_matching/BBS/Jumping/img/0290.jpg,161,85,38,35,0,0,1,0,0,0,1,0,0,0,0
/mnt/hdd1/users/aktgpt/datasets/template_matching/BBS/Jumping/img/0175.jpg,178,152,39,37,/mnt/hdd1/users/aktgpt/datasets/template_matching/BBS/Jumping/img/0275.jpg,134,119,38,36,0,0,1,0,0,0,1,0,0,0,0
/mnt/hdd1/users/aktgpt/datasets/template_matching/BBS/Lemming/img/0116.jpg,311,115,70,129,/mnt/hdd1/users/aktgpt/datasets/template_matching/BBS/Lemming/img/0216.jpg,438,84,58,107,0,0,1,0,1,0,0,1,1,1,1
/mnt/hdd1/users/aktgpt/datasets/template_matching/BBS/Lemming/img/0328.jpg,79,277,48,83,/mnt/hdd1/users/aktgpt/datasets/template_matching/BBS/Lemming/img/0428.jpg,277,193,57,96,0,0,1,0,1,0,0,1,1,1,1
/mnt/hdd1/users/aktgpt/datasets/template_matching/BBS/Lemming/img/0974.jpg,312,135,85,140,/mnt/hdd1/users/aktgpt/datasets/template_matching/BBS/Lemming/img/1074.jpg,309,114,96,160,0,0,1,0,1,0,0,1,1,1,1
/mnt/hdd1/users/aktgpt/datasets/template_matching/BBS/Liquor/img/1246.jpg,253,127,67,193,/mnt/hdd1/users/aktgpt/datasets/template_matching/BBS/Liquor/img/1346.jpg,253,127,67,193,1,0,1,0,1,0,1,1,1,1,1
/mnt/hdd1/users/aktgpt/datasets/template_matching/BBS/Liquor/img/0612.jpg,253,142,73,210,/mnt/hdd1/users/aktgpt/datasets/template_matching/BBS/Liquor/img/0712.jpg,253,142,73,210,1,0,1,0,1,0,1,1,1,1,1
/mnt/hdd1/users/aktgpt/datasets/template_matching/BBS/Liquor/img/0485.jpg,253,142,73,210,/mnt/hdd1/users/aktgpt/datasets/template_matching/BBS/Liquor/img/0585.jpg,253,142,73,210,1,0,1,0,1,0,1,1,1,1,1
/mnt/hdd1/users/aktgpt/datasets/template_matching/BBS/Man/img/0026.jpg,99,54,26,39,/mnt/hdd1/users/aktgpt/datasets/template_matching/BBS/Man/img/0126.jpg,70,51,26,39,0,0,0,0,1,0,0,0,0,0,0
/mnt/hdd1/users/aktgpt/datasets/template_matching/BBS/Man/img/0003.jpg,71,50,26,39,/mnt/hdd1/users/aktgpt/datasets/template_matching/BBS/Man/img/0103.jpg,98,55,26,39,0,0,0,0,1,0,0,0,0,0,0
/mnt/hdd1/users/aktgpt/datasets/template_matching/BBS/Man/img/0023.jpg,90,52,26,39,/mnt/hdd1/users/aktgpt/datasets/template_matching/BBS/Man/img/0123.jpg,69,51,26,39,0,0,0,0,1,0,0,0,0,0,0
/mnt/hdd1/users/aktgpt/datasets/template_matching/BBS/Mhyang/img/0360.jpg,180,52,64,72,/mnt/hdd1/users/aktgpt/datasets/template_matching/BBS/Mhyang/img/0460.jpg,132,32,75,87,1,1,0,0,1,0,0,0,1,0,0
/mnt/hdd1/users/aktgpt/datasets/template_matching/BBS/Mhyang/img/1327.jpg,124,41,75,81,/mnt/hdd1/users/aktgpt/datasets/template_matching/BBS/Mhyang/img/1427.jpg,213,64,48,70,1,1,0,0,1,0,0,0,1,0,0
/mnt/hdd1/users/aktgpt/datasets/template_matching/BBS/Mhyang/img/0895.jpg,142,53,66,72,/mnt/hdd1/users/aktgpt/datasets/template_matching/BBS/Mhyang/img/0995.jpg,73,52,78,78,1,1,0,0,1,0,0,0,1,0,0
/mnt/hdd1/users/aktgpt/datasets/template_matching/BBS/MotorRolling/img/0047.jpg,190,148,69,74,/mnt/hdd1/users/aktgpt/datasets/template_matching/BBS/MotorRolling/img/0147.jpg,209,146,51,58,1,0,1,1,1,1,1,0,0,0,1
/mnt/hdd1/users/aktgpt/datasets/template_matching/BBS/MotorRolling/img/0016.jpg,166,23,110,106,/mnt/hdd1/users/aktgpt/datasets/template_matching/BBS/MotorRolling/img/0116.jpg,97,93,134,111,1,0,1,1,1,1,1,0,0,0,1
/mnt/hdd1/users/aktgpt/datasets/template_matching/BBS/MotorRolling/img/0053.jpg,204,197,69,74,/mnt/hdd1/users/aktgpt/datasets/template_matching/BBS/MotorRolling/img/0153.jpg,215,173,53,63,1,0,1,1,1,1,1,0,0,0,1
/mnt/hdd1/users/aktgpt/datasets/template_matching/BBS/MountainBike/img/0046.jpg,268,111,69,61,/mnt/hdd1/users/aktgpt/datasets/template_matching/BBS/MountainBike/img/0146.jpg,295,94,76,77,1,0,0,1,0,0,0,0,1,0,0
/mnt/hdd1/users/aktgpt/datasets/template_matching/BBS/MountainBike/img/0016.jpg,295,169,65,55,/mnt/hdd1/users/aktgpt/datasets/template_matching/BBS/MountainBike/img/0116.jpg,304,78,63,65,1,0,0,1,0,0,0,0,1,0,0
/mnt/hdd1/users/aktgpt/datasets/template_matching/BBS/MountainBike/img/0055.jpg,272,104,69,59,/mnt/hdd1/users/aktgpt/datasets/template_matching/BBS/MountainBike/img/0155.jpg,291,100,77,73,1,0,0,1,0,0,0,0,1,0,0
/mnt/hdd1/users/aktgpt/datasets/template_matching/BBS/Panda/img/0695.jpg,73,49,26,18,/mnt/hdd1/users/aktgpt/datasets/template_matching/BBS/Panda/img/0795.jpg,28,50,24,16,0,1,0,1,0,1,0,1,1,1,1
/mnt/hdd1/users/aktgpt/datasets/template_matching/BBS/Panda/img/0075.jpg,137,99,26,22,/mnt/hdd1/users/aktgpt/datasets/template_matching/BBS/Panda/img/0175.jpg,141,99,31,26,0,1,0,1,0,1,0,1,1,1,1
/mnt/hdd1/users/aktgpt/datasets/template_matching/BBS/Panda/img/0297.jpg,64,51,23,17,/mnt/hdd1/users/aktgpt/datasets/template_matching/BBS/Panda/img/0397.jpg,25,56,22,16,0,1,0,1,0,1,0,1,1,1,1
/mnt/hdd1/users/aktgpt/datasets/template_matching/BBS/RedTeam/img/0780.jpg,207,137,22,14,/mnt/hdd1/users/aktgpt/datasets/template_matching/BBS/RedTeam/img/0880.jpg,254,134,25,15,0,0,0,1,0,1,0,1,1,0,1
/mnt/hdd1/users/aktgpt/datasets/template_matching/BBS/RedTeam/img/1419.jpg,218,108,21,14,/mnt/hdd1/users/aktgpt/datasets/template_matching/BBS/RedTeam/img/1519.jpg,200,110,34,15,0,0,0,1,0,1,0,1,1,0,1
/mnt/hdd1/users/aktgpt/datasets/template_matching/BBS/RedTeam/img/0015.jpg,193,87,38,18,/mnt/hdd1/users/aktgpt/datasets/template_matching/BBS/RedTeam/img/0115.jpg,186,92,37,18,0,0,0,1,0,1,0,1,1,0,1
/mnt/hdd1/users/aktgpt/datasets/template_matching/BBS/Shaking/img/0090.jpg,259,64,62,67,/mnt/hdd1/users/aktgpt/datasets/template_matching/BBS/Shaking/img/0190.jpg,238,102,64,73,1,0,0,1,1,0,0,0,1,0,1
/mnt/hdd1/users/aktgpt/datasets/template_matching/BBS/Shaking/img/0169.jpg,232,99,61,77,/mnt/hdd1/users/aktgpt/datasets/template_matching/BBS/Shaking/img/0269.jpg,169,67,83,95,1,0,0,1,1,0,0,0,1,0,1
/mnt/hdd1/users/aktgpt/datasets/template_matching/BBS/Shaking/img/0069.jpg,243,100,63,64,/mnt/hdd1/users/aktgpt/datasets/template_matching/BBS/Shaking/img/0169.jpg,232,99,61,77,1,0,0,1,1,0,0,0,1,0,1
/mnt/hdd1/users/aktgpt/datasets/template_matching/BBS/Singer1/img/0086.jpg,238,82,66,207,/mnt/hdd1/users/aktgpt/datasets/template_matching/BBS/Singer1/img/0186.jpg,325,95,40,145,0,0,0,0,1,0,0,1,1,0,1
/mnt/hdd1/users/aktgpt/datasets/template_matching/BBS/Singer1/img/0063.jpg,206,77,64,225,/mnt/hdd1/users/aktgpt/datasets/template_matching/BBS/Singer1/img/0163.jpg,307,96,50,158,0,0,0,0,1,0,0,1,1,0,1
/mnt/hdd1/users/aktgpt/datasets/template_matching/BBS/Singer1/img/0157.jpg,305,94,48,159,/mnt/hdd1/users/aktgpt/datasets/template_matching/BBS/Singer1/img/0257.jpg,340,110,36,106,0,0,0,0,1,0,0,1,1,0,1
/mnt/hdd1/users/aktgpt/datasets/template_matching/BBS/Singer2/img/0227.jpg,358,118,67,113,/mnt/hdd1/users/aktgpt/datasets/template_matching/BBS/Singer2/img/0327.jpg,306,80,70,150,1,1,0,1,1,0,0,0,1,0,0
/mnt/hdd1/users/aktgpt/datasets/template_matching/BBS/Singer2/img/0128.jpg,374,123,69,124,/mnt/hdd1/users/aktgpt/datasets/template_matching/BBS/Singer2/img/0228.jpg,362,117,68,113,1,1,0,1,1,0,0,0,1,0,0
/mnt/hdd1/users/aktgpt/datasets/template_matching/BBS/Singer2/img/0262.jpg,371,112,67,111,/mnt/hdd1/users/aktgpt/datasets/template_matching/BBS/Singer2/img/0362.jpg,296,59,79,181,1,1,0,1,1,0,0,0,1,0,0
/mnt/hdd1/users/aktgpt/datasets/template_matching/BBS/Skater/img/0046.jpg,146,65,52,129,/mnt/hdd1/users/aktgpt/datasets/template_matching/BBS/Skater/img/0146.jpg,124,34,66,146,0,1,0,1,0,0,0,0,1,0,1
/mnt/hdd1/users/aktgpt/datasets/template_matching/BBS/Skater/img/0041.jpg,148,71,61,128,/mnt/hdd1/users/aktgpt/datasets/template_matching/BBS/Skater/img/0141.jpg,116,31,66,144,0,1,0,1,0,0,0,0,1,0,1
/mnt/hdd1/users/aktgpt/datasets/template_matching/BBS/Skater/img/0023.jpg,141,92,44,128,/mnt/hdd1/users/aktgpt/datasets/template_matching/BBS/Skater/img/0123.jpg,112,44,53,133,0,1,0,1,0,0,0,0,1,0,1
/mnt/hdd1/users/aktgpt/datasets/template_matching/BBS/Skater2/img/0302.jpg,101,59,91,185,/mnt/hdd1/users/aktgpt/datasets/template_matching/BBS/Skater2/img/0402.jpg,189,99,42,135,0,1,1,1,0,0,0,0,1,0,1
/mnt/hdd1/users/aktgpt/datasets/template_matching/BBS/Skater2/img/0006.jpg,165,33,49,172,/mnt/hdd1/users/aktgpt/datasets/template_matching/BBS/Skater2/img/0106.jpg,152,94,47,121,0,1,1,1,0,0,0,0,1,0,1
/mnt/hdd1/users/aktgpt/datasets/template_matching/BBS/Skater2/img/0149.jpg,112,71,40,142,/mnt/hdd1/users/aktgpt/datasets/template_matching/BBS/Skater2/img/0249.jpg,128,56,76,159,0,1,1,1,0,0,0,0,1,0,1
/mnt/hdd1/users/aktgpt/datasets/template_matching/BBS/Skating1/img/0076.jpg,151,184,35,102,/mnt/hdd1/users/aktgpt/datasets/template_matching/BBS/Skating1/img/0176.jpg,224,145,45,141,1,1,0,0,1,0,0,1,1,0,1
/mnt/hdd1/users/aktgpt/datasets/template_matching/BBS/Skating1/img/0277.jpg,212,136,52,162,/mnt/hdd1/users/aktgpt/datasets/template_matching/BBS/Skating1/img/0377.jpg,302,140,50,164,1,1,0,0,1,0,0,1,1,0,1
/mnt/hdd1/users/aktgpt/datasets/template_matching/BBS/Skating1/img/0248.jpg,187,143,49,139,/mnt/hdd1/users/aktgpt/datasets/template_matching/BBS/Skating1/img/0348.jpg,256,142,50,152,1,1,0,0,1,0,0,1,1,0,1
/mnt/hdd1/users/aktgpt/datasets/template_matching/BBS/Soccer/img/0039.jpg,371,132,81,90,/mnt/hdd1/users/aktgpt/datasets/template_matching/BBS/Soccer/img/0139.jpg,289,146,59,87,1,0,1,1,1,0,1,1,1,0,1
/mnt/hdd1/users/aktgpt/datasets/template_matching/BBS/Soccer/img/0078.jpg,276,130,58,66,/mnt/hdd1/users/aktgpt/datasets/template_matching/BBS/Soccer/img/0178.jpg,316,190,60,73,1,0,1,1,1,0,1,1,1,0,1
/mnt/hdd1/users/aktgpt/datasets/template_matching/BBS/Soccer/img/0127.jpg,267,135,53,78,/mnt/hdd1/users/aktgpt/datasets/template_matching/BBS/Soccer/img/0227.jpg,317,191,42,57,1,0,1,1,1,0,1,1,1,0,1
/mnt/hdd1/users/aktgpt/datasets/template_matching/BBS/Subway/img/0069.jpg,126,90,19,49,/mnt/hdd1/users/aktgpt/datasets/template_matching/BBS/Subway/img/0169.jpg,295,86,18,51,1,1,0,0,0,0,0,1,0,0,0
/mnt/hdd1/users/aktgpt/datasets/template_matching/BBS/Subway/img/0060.jpg,112,88,18,53,/mnt/hdd1/users/aktgpt/datasets/template_matching/BBS/Subway/img/0160.jpg,277,83,22,54,1,1,0,0,0,0,0,1,0,0,0
/mnt/hdd1/users/aktgpt/datasets/template_matching/BBS/Subway/img/0040.jpg,78,91,17,50,/mnt/hdd1/users/aktgpt/datasets/template_matching/BBS/Subway/img/0140.jpg,245,85,18,52,1,1,0,0,0,0,0,1,0,0,0
/mnt/hdd1/users/aktgpt/datasets/template_matching/BBS/Surfer/img/0176.jpg,158,28,29,37,/mnt/hdd1/users/aktgpt/datasets/template_matching/BBS/Surfer/img/0276.jpg,278,48,27,39,0,0,1,1,0,1,0,0,1,0,1
/mnt/hdd1/users/aktgpt/datasets/template_matching/BBS/Surfer/img/0034.jpg,280,57,23,29,/mnt/hdd1/users/aktgpt/datasets/template_matching/BBS/Surfer/img/0134.jpg,196,91,36,43,0,0,1,1,0,1,0,0,1,0,1
/mnt/hdd1/users/aktgpt/datasets/template_matching/BBS/Surfer/img/0249.jpg,273,32,26,40,/mnt/hdd1/users/aktgpt/datasets/template_matching/BBS/Surfer/img/0349.jpg,276,65,33,40,0,0,1,1,0,1,0,0,1,0,1
/mnt/hdd1/users/aktgpt/datasets/template_matching/BBS/Suv/img/0193.jpg,171,168,92,41,/mnt/hdd1/users/aktgpt/datasets/template_matching/BBS/Suv/img/0293.jpg,139,146,88,39,0,0,0,1,0,0,0,1,0,1,0
/mnt/hdd1/users/aktgpt/datasets/template_matching/BBS/Suv/img/0236.jpg,103,141,88,39,/mnt/hdd1/users/aktgpt/datasets/template_matching/BBS/Suv/img/0336.jpg,159,110,89,39,0,0,0,1,0,0,0,1,0,1,0
/mnt/hdd1/users/aktgpt/datasets/template_matching/BBS/Suv/img/0667.jpg,171,106,93,42,/mnt/hdd1/users/aktgpt/datasets/template_matching/BBS/Suv/img/0767.jpg,123,125,91,39,0,0,0,1,0,0,0,1,0,1,0
/mnt/hdd1/users/aktgpt/datasets/template_matching/BBS/Sylvester/img/1063.jpg,133,71,51,50,/mnt/hdd1/users/aktgpt/datasets/template_matching/BBS/Sylvester/img/1163.jpg,76,85,51,50,0,0,0,1,1,0,0,0,1,0,0
/mnt/hdd1/users/aktgpt/datasets/template_matching/BBS/Sylvester/img/1119.jpg,133,85,51,50,/mnt/hdd1/users/aktgpt/datasets/template_matching/BBS/Sylvester/img/1219.jpg,103,58,51,50,0,0,0,1,1,0,0,0,1,0,0
/mnt/hdd1/users/aktgpt/datasets/template_matching/BBS/Sylvester/img/0509.jpg,153,93,51,55,/mnt/hdd1/users/aktgpt/datasets/template_matching/BBS/Sylvester/img/0609.jpg,109,123,55,54,0,0,0,1,1,0,0,0,1,0,0
/mnt/hdd1/users/aktgpt/datasets/template_matching/BBS/Tiger1/img/0157.jpg,310,66,76,84,/mnt/hdd1/users/aktgpt/datasets/template_matching/BBS/Tiger1/img/0257.jpg,301,73,76,84,0,1,1,1,1,0,1,1,1,0,0
/mnt/hdd1/users/aktgpt/datasets/template_matching/BBS/Tiger1/img/0075.jpg,331,84,88,92,/mnt/hdd1/users/aktgpt/datasets/template_matching/BBS/Tiger1/img/0175.jpg,155,88,76,84,0,1,1,1,1,0,1,1,1,0,0
/mnt/hdd1/users/aktgpt/datasets/template_matching/BBS/Tiger1/img/0103.jpg,174,99,76,84,/mnt/hdd1/users/aktgpt/datasets/template_matching/BBS/Tiger1/img/0203.jpg,224,61,76,84,0,1,1,1,1,0,1,1,1,0,0
/mnt/hdd1/users/aktgpt/datasets/template_matching/BBS/Tiger2/img/0063.jpg,284,76,68,78,/mnt/hdd1/users/aktgpt/datasets/template_matching/BBS/Tiger2/img/0163.jpg,294,82,68,78,0,1,1,1,1,0,1,1,1,1,0
/mnt/hdd1/users/aktgpt/datasets/template_matching/BBS/Tiger2/img/0258.jpg,212,120,68,78,/mnt/hdd1/users/aktgpt/datasets/template_matching/BBS/Tiger2/img/0358.jpg,184,107,68,78,0,1,1,1,1,0,1,1,1,1,0
/mnt/hdd1/users/aktgpt/datasets/template_matching/BBS/Tiger2/img/0028.jpg,287,74,68,78,/mnt/hdd1/users/aktgpt/datasets/template_matching/BBS/Tiger2/img/0128.jpg,253,102,68,78,0,1,1,1,1,0,1,1,1,1,0
/mnt/hdd1/users/aktgpt/datasets/template_matching/BBS/Toy/img/0146.jpg,98,46,65,80,/mnt/hdd1/users/aktgpt/datasets/template_matching/BBS/Toy/img/0246.jpg,138,127,116,98,0,0,1,1,0,0,0,0,1,0,1
/mnt/hdd1/users/aktgpt/datasets/template_matching/BBS/Toy/img/0005.jpg,157,109,37,66,/mnt/hdd1/users/aktgpt/datasets/template_matching/BBS/Toy/img/0105.jpg,81,67,46,64,0,0,1,1,0,0,0,0,1,0,1
/mnt/hdd1/users/aktgpt/datasets/template_matching/BBS/Toy/img/0075.jpg,200,110,84,112,/mnt/hdd1/users/aktgpt/datasets/template_matching/BBS/Toy/img/0175.jpg,136,64,75,98,0,0,1,1,0,0,0,0,1,0,1
/mnt/hdd1/users/aktgpt/datasets/template_matching/BBS/Trans/img/0006.jpg,192,44,146,204,/mnt/hdd1/users/aktgpt/datasets/template_matching/BBS/Trans/img/0106.jpg,267,181,307,92,0,1,0,0,1,0,0,1,0,0,1
/mnt/hdd1/users/aktgpt/datasets/template_matching/BBS/Trans/img/0018.jpg,171,31,148,209,/mnt/hdd1/users/aktgpt/datasets/template_matching/BBS/Trans/img/0118.jpg,269,182,305,91,0,1,0,0,1,0,0,1,0,0,1
/mnt/hdd1/users/aktgpt/datasets/template_matching/BBS/Trans/img/0018.jpg,171,31,148,209,/mnt/hdd1/users/aktgpt/datasets/template_matching/BBS/Trans/img/0118.jpg,269,182,305,91,0,1,0,0,1,0,0,1,0,0,1
/mnt/hdd1/users/aktgpt/datasets/template_matching/BBS/Trellis/img/0345.jpg,166,56,60,81,/mnt/hdd1/users/aktgpt/datasets/template_matching/BBS/Trellis/img/0445.jpg,196,85,36,55,1,0,0,1,1,0,0,0,1,0,1
/mnt/hdd1/users/aktgpt/datasets/template_matching/BBS/Trellis/img/0023.jpg,191,59,62,90,/mnt/hdd1/users/aktgpt/datasets/template_matching/BBS/Trellis/img/0123.jpg,189,74,57,77,1,0,0,1,1,0,0,0,1,0,1
/mnt/hdd1/users/aktgpt/datasets/template_matching/BBS/Trellis/img/0324.jpg,130,60,59,80,/mnt/hdd1/users/aktgpt/datasets/template_matching/BBS/Trellis/img/0424.jpg,222,86,45,67,1,0,0,1,1,0,0,0,1,0,1
/mnt/hdd1/users/aktgpt/datasets/template_matching/BBS/Twinnings/img/0063.jpg,126,159,74,55,/mnt/hdd1/users/aktgpt/datasets/template_matching/BBS/Twinnings/img/0163.jpg,145,141,54,32,0,0,0,0,0,0,0,0,1,0,1
/mnt/hdd1/users/aktgpt/datasets/template_matching/BBS/Twinnings/img/0254.jpg,144,115,79,51,/mnt/hdd1/users/aktgpt/datasets/template_matching/BBS/Twinnings/img/0354.jpg,115,154,46,32,0,0,0,0,0,0,0,0,1,0,1
/mnt/hdd1/users/aktgpt/datasets/template_matching/BBS/Twinnings/img/0007.jpg,126,163,72,54,/mnt/hdd1/users/aktgpt/datasets/template_matching/BBS/Twinnings/img/0107.jpg,151,136,47,28,0,0,0,0,0,0,0,0,1,0,1
/mnt/hdd1/users/aktgpt/datasets/template_matching/BBS/Vase/img/0055.jpg,137,107,62,72,/mnt/hdd1/users/aktgpt/datasets/template_matching/BBS/Vase/img/0155.jpg,131,83,106,119,0,0,1,1,0,0,0,0,0,0,1
/mnt/hdd1/users/aktgpt/datasets/template_matching/BBS/Vase/img/0024.jpg,136,81,59,66,/mnt/hdd1/users/aktgpt/datasets/template_matching/BBS/Vase/img/0124.jpg,107,51,87,103,0,0,1,1,0,0,0,0,0,0,1
/mnt/hdd1/users/aktgpt/datasets/template_matching/BBS/Vase/img/0056.jpg,141,104,60,70,/mnt/hdd1/users/aktgpt/datasets/template_matching/BBS/Vase/img/0156.jpg,134,77,108,125,0,0,1,1,0,0,0,0,0,0,1
/mnt/hdd1/users/aktgpt/datasets/template_matching/BBS/Walking/img/0110.jpg,432,387,23,64,/mnt/hdd1/users/aktgpt/datasets/template_matching/BBS/Walking/img/0210.jpg,267,357,21,48,0,1,0,0,0,0,0,1,0,0,1
/mnt/hdd1/users/aktgpt/datasets/template_matching/BBS/Walking/img/0119.jpg,417,380,22,62,/mnt/hdd1/users/aktgpt/datasets/template_matching/BBS/Walking/img/0219.jpg,252,355,18,48,0,1,0,0,0,0,0,1,0,0,1
/mnt/hdd1/users/aktgpt/datasets/template_matching/BBS/Walking/img/0003.jpg,683,436,31,84,/mnt/hdd1/users/aktgpt/datasets/template_matching/BBS/Walking/img/0103.jpg,447,390,21,59,0,1,0,0,0,0,0,1,0,0,1
/mnt/hdd1/users/aktgpt/datasets/template_matching/BBS/Walking2/img/0319.jpg,97,55,21,64,/mnt/hdd1/users/aktgpt/datasets/template_matching/BBS/Walking2/img/0419.jpg,94,43,17,57,0,0,0,0,0,1,0,1,0,0,1
/mnt/hdd1/users/aktgpt/datasets/template_matching/BBS/Walking2/img/0259.jpg,99,63,20,70,/mnt/hdd1/users/aktgpt/datasets/template_matching/BBS/Walking2/img/0359.jpg,97,49,20,64,0,0,0,0,0,1,0,1,0,0,1
/mnt/hdd1/users/aktgpt/datasets/template_matching/BBS/Walking2/img/0067.jpg,119,107,29,99,/mnt/hdd1/users/aktgpt/datasets/template_matching/BBS/Walking2/img/0167.jpg,106,80,26,84,0,0,0,0,0,1,0,1,0,0,1
/mnt/hdd1/users/aktgpt/datasets/template_matching/BBS/Woman/img/0330.jpg,137,89,21,87,/mnt/hdd1/users/aktgpt/datasets/template_matching/BBS/Woman/img/0430.jpg,156,90,27,92,0,1,1,0,1,0,1,1,1,0,1
/mnt/hdd1/users/aktgpt/datasets/template_matching/BBS/Woman/img/0105.jpg,207,126,21,97,/mnt/hdd1/users/aktgpt/datasets/template_matching/BBS/Woman/img/0205.jpg,214,108,18,88,0,1,1,0,1,0,1,1,1,0,1
/mnt/hdd1/users/aktgpt/datasets/template_matching/BBS/Woman/img/0384.jpg,157,125,23,94,/mnt/hdd1/users/aktgpt/datasets/template_matching/BBS/Woman/img/0484.jpg,155,111,22,88,0,1,1,0,1,0,1,1,1,0,1
